author,date,text
3Jackieb,2020-03-06 04:53:26,RT @RenAlmeyda1: Y la casa viene con auto supongo o de qu√© derecho me est√°is hablando ü§®
Aye_Cuellar,2020-03-06 04:53:38,RT @iborcoski: Dale RT al Tocomple del Apruebo!!! https://t.co/KJO4tabiLW
Ana_Karenina23,2020-03-06 04:53:44,"RT @EAstigue: Faltan 51dias para el Plebiscito!
#YoNomarcareelVoto
AS√ç VOTAR√â EN ABRIL Y TU? üá®üá±

¬øQuiere usted una nueva Constituci√≥n? 
‚Äî/‚Äî‚Ä¶"
hijorojo1,2020-03-06 04:53:45,RT @cortanews: ‚ö†Ô∏è AYER. El degenerado empresario @LehuedeJuan (cercano a JAK) inventa sin descaro que el Apruebo significa que ‚Äúlas ni√±as d‚Ä¶
carolitacc,2020-03-06 04:53:46,RT @GatosQls: ¬øC√≥mo chucha es que Alinco y Pepe Auth tienen espacios personales dentro de la franja Apruebo? https://t.co/A5h6DL3Kh7
Ralison191,2020-03-06 04:53:47,Muy bellas palabras pero que dejan de tener validez cuando @lcruzcoke manifiesta que vota por el #Apruebo Es totalm‚Ä¶ https://t.co/GFfPi2yo9w
janocepeda7,2020-03-06 04:53:47,"@gonzalowinter Haces una mezcla de ideas pol√≠ticas, informacion real y persepcion personal y que obtienes? Una obse‚Ä¶ https://t.co/O9TndVRAkx"
brbnotfound,2020-03-06 04:53:47,"RT @Diego_Schalper: M√°s all√° de que me re√≠ con el v√≠deo, env√≠a mensaje falso: una Constituci√≥n no es capaz de darle a nadie una casa (ni me‚Ä¶"
rojaboca,2020-03-06 04:53:49,"RT @arroba_meste: Inviernista = apruebo
Veranista = rechazo"
Aseo2019,2020-03-06 04:53:51,RT @joseantoniokast: Totalitarismo en su m√°xima expresi√≥n. La campa√±a del Apruebo nos quiere imponer la Asamblea Constituyente y no quiere‚Ä¶
bnavarroz,2020-03-06 04:53:53,"RT @Dindero: Pero que tipo de proyecci√≥n m√°s degenerada realiza @LehuedeJuan
S√≥lo una mente enferma puede realizar dicho an√°lisis completam‚Ä¶"
vaniafpp,2020-03-06 04:53:56,RT @nanostern: ¬øPero qu√© mierda les pasa?
vaniafpp,2020-03-06 04:53:59,RT @camila_vallejo: Esos fantasmas s√≥lo habitan la cabeza de esos degenerados. Yo que √©l me hago ver
vaniafpp,2020-03-06 04:54:06,"RT @gonzalowinter: Venir ir a meter tus perversiones en la discusi√≥n sobre el apruebo y el rechazo, habla de que no tienes argumentos y de‚Ä¶"
PRETORCHILE,2020-03-06 04:54:07,RT @simuk123: This week students across all #Chile are united in manifesting their indignation at the unjust social economic system they &amp;‚Ä¶
MANQUEOBUSTOS,2020-03-06 04:54:11,RT @eldesconcierto: Pep Guardiola posa con bandera chilena y mensaje que apoya el ‚ÄúApruebo‚Äù ‚ñ∂ https://t.co/oOIQjQngmZ https://t.co/Ev9JnHaF‚Ä¶
misma_ella,2020-03-06 04:54:13,"RT @elmostrador: Allamand a lo Darth Vader: si gana el Apruebo, la izquierda se va a sentir autorizada a terminar con el derecho de propied‚Ä¶"
vaniafpp,2020-03-06 04:54:14,RT @powerlesliecl: A m√°s conservadurismo m√°s perversi√≥n #danasco #todosvanacaer #tienenmiedo y por esto y tanto m√°s marchamos siempre y el‚Ä¶
